[
    {
        "Item_Code": 1001,
        "Item_Name": "Asirvad atta 1kg",
        "Mesuring_Qntty": "number ",
        "Item_MRP": 90,
        "Offer_Price": 89,
        "Offer_percentage": 0.02,
        "Item_Catogory": "C2",
        "Item_Tags": "#atta #1kgatta #ashirvad",
        "Item_HSB": "N\/A",
        "Instock/outstock_indication": "Yes",
        "Stock_quantity": 50,
        "Item_Discription": "Lorem ipsum dolor sit amet, consectetur adipiscing elit, sed do eiusmod tempor incididunt ut labore et dolore magna aliqua"
    },
    {
        "Item_Code": 1002,
        "Item_Name": "Asirvad multigrain atta 1 kg",
        "Mesuring_Qntty": "number ",
        "Item_MRP": 100,
        "Offer_Price": 99,
        "Offer_percentage": 0.04,
        "Item_Catogory": "C2",
        "Item_Tags": "#atta #1kgatta #ashirvad",
        "Item_HSB": "N\/A",
        "Instock/outstock_indication": "Yes",
        "Stock_quantity": 50,
        "Item_Discription": "Lorem ipsum dolor sit amet, consectetur adipiscing elit, sed do eiusmod tempor incididunt ut labore et dolore magna aliqua"
    },
    {
        "Item_Code": 1003,
        "Item_Name": "Asirvad sugar relse contorl atta 1kg",
        "Mesuring_Qntty": "number ",
        "Item_MRP": 150,
        "Offer_Price": 140,
        "Offer_percentage": 0.03,
        "Item_Catogory": "C2",
        "Item_Tags": "#atta #1kgatta #ashirvad",
        "Item_HSB": "N\/A",
        "Instock/outstock_indication": "Yes",
        "Stock_quantity": 50,
        "Item_Discription": "Lorem ipsum dolor sit amet, consectetur adipiscing elit, sed do eiusmod tempor incididunt ut labore et dolore magna aliqua"
    },
    {
        "Item_Code": 1004,
        "Item_Name": "pillsbury atta 1 kg ",
        "Mesuring_Qntty": "number ",
        "Item_MRP": 92,
        "Offer_Price": 89,
        "Offer_percentage": 0.05,
        "Item_Catogory": "C2",
        "Item_Tags": "#atta #1kgatta #pillsbury",
        "Item_HSB": "N\/A",
        "Instock/outstock_indication": "Yes",
        "Stock_quantity": 50,
        "Item_Discription": "Lorem ipsum dolor sit amet, consectetur adipiscing elit, sed do eiusmod tempor incididunt ut labore et dolore magna aliqua"
    },
    {
        "Item_Code": 1005,
        "Item_Name": "Asirvad atta 5kg",
        "Mesuring_Qntty": "number ",
        "Item_MRP": 440,
        "Offer_Price": 430,
        "Offer_percentage": 0.03,
        "Item_Catogory": "C2",
        "Item_Tags": "#atta #5kgatta #ashirvad",
        "Item_HSB": "N \/A",
        "Instock/outstock_indication": "Yes",
        "Stock_quantity": 50,
        "Item_Discription": "Lorem ipsum dolor sit amet, consectetur adipiscing elit, sed do eiusmod tempor incididunt ut labore et dolore magna aliqua"
    },
    {
        "Item_Code": 1006,
        "Item_Name": "Asirvad multigrain atta 5 kg",
        "Mesuring_Qntty": "number ",
        "Item_MRP": 490,
        "Offer_Price": 480,
        "Offer_percentage": 0.2,
        "Item_Catogory": "C2",
        "Item_Tags": "#atta #5kgatta #ashirvad",
        "Item_HSB": "N \/A",
        "Instock/outstock_indication": "Yes",
        "Stock_quantity": 50,
        "Item_Discription": "Lorem ipsum dolor sit amet, consectetur adipiscing elit, sed do eiusmod tempor incididunt ut labore et dolore magna aliqua"
    },
    {
        "Item_Code": 1007,
        "Item_Name": "Asirvad sugar relse contorl atta 5kg",
        "Mesuring_Qntty": "number ",
        "Item_MRP": 600,
        "Offer_Price": 580,
        "Offer_percentage": 0.04,
        "Item_Catogory": "C2",
        "Item_Tags": "#atta #5kgatta #ashirvad",
        "Item_HSB": "N \/A",
        "Instock/outstock_indication": "Yes",
        "Stock_quantity": 50,
        "Item_Discription": "Lorem ipsum dolor sit amet, consectetur adipiscing elit, sed do eiusmod tempor incididunt ut labore et dolore magna aliqua"
    },
    {
        "Item_Code": 1008,
        "Item_Name": "oragnge",
        "Mesuring_Qntty": "kg",
        "Item_MRP": 50,
        "Offer_Price": 45,
        "Offer_percentage": 0.05,
        "Item_Catogory": "C8",
        "Item_Tags": "#fruit ",
        "Item_HSB": "N \/A",
        "Instock/outstock_indication": "Yes",
        "Stock_quantity": 50,
        "Item_Discription": "Lorem ipsum dolor sit amet, consectetur adipiscing elit, sed do eiusmod tempor incididunt ut labore et dolore magna aliqua"
    },
    {
        "Item_Code": 1009,
        "Item_Name": "colgate herbal",
        "Mesuring_Qntty": "number ",
        "Item_MRP": 80,
        "Offer_Price": 70,
        "Offer_percentage": 0.1,
        "Item_Catogory": "C6",
        "Item_Tags": "#tooth #colgate #toothpaste #herbalpaste",
        "Item_HSB": "N \/A",
        "Instock/outstock_indication": "Yes",
        "Stock_quantity": 50,
        "Item_Discription": "Lorem ipsum dolor sit amet, consectetur adipiscing elit, sed do eiusmod tempor incididunt ut labore et dolore magna aliqua"
    },
    {
        "Item_Code": 1010,
        "Item_Name": "colgate strong teeth",
        "Mesuring_Qntty": "number ",
        "Item_MRP": 50,
        "Offer_Price": 45,
        "Offer_percentage": 0.05,
        "Item_Catogory": "C6",
        "Item_Tags": "#tooth #colgate #toothpaste ",
        "Item_HSB": "N \/A",
        "Instock/outstock_indication": "Yes",
        "Stock_quantity": 50,
        "Item_Discription": "Lorem ipsum dolor sit amet, consectetur adipiscing elit, sed do eiusmod tempor incididunt ut labore et dolore magna aliqua"
    },
    {
        "Item_Code": 1011,
        "Item_Name": "Pepsodent",
        "Mesuring_Qntty": "number ",
        "Item_MRP": 48,
        "Offer_Price": 42,
        "Offer_percentage": 0.04,
        "Item_Catogory": "C2",
        "Item_Tags": "#tooth #pepsodent #toothpaste ",
        "Item_HSB": "N \/A",
        "Instock/outstock_indication": "Yes",
        "Stock_quantity": 50,
        "Item_Discription": "Lorem ipsum dolor sit amet, consectetur adipiscing elit, sed do eiusmod tempor incididunt ut labore et dolore magna aliqua"
    },
    {
        "Item_Code": 1012,
        "Item_Name": "Jordan tooth brush",
        "Mesuring_Qntty": "number ",
        "Item_MRP": 80,
        "Offer_Price": 75,
        "Offer_percentage": 0.03,
        "Item_Catogory": "C2",
        "Item_Tags": "#tooth #Jordan #toothbrush",
        "Item_HSB": "N \/A",
        "Instock/outstock_indication": "Yes",
        "Stock_quantity": 50,
        "Item_Discription": "Lorem ipsum dolor sit amet, consectetur adipiscing elit, sed do eiusmod tempor incididunt ut labore et dolore magna aliqua"
    },
    {
        "Item_Code": 1013,
        "Item_Name": "colgate tooth brush",
        "Mesuring_Qntty": "number ",
        "Item_MRP": 35,
        "Offer_Price": 30,
        "Offer_percentage": 0.05,
        "Item_Catogory": "C2",
        "Item_Tags": "#tooth #colgate #toothbrush",
        "Item_HSB": "N \/A",
        "Instock/outstock_indication": "Yes",
        "Stock_quantity": 50,
        "Item_Discription": "Lorem ipsum dolor sit amet, consectetur adipiscing elit, sed do eiusmod tempor incididunt ut labore et dolore magna aliqua"
    },
    {
        "Item_Code": 1014,
        "Item_Name": "Colgate mouth wash",
        "Mesuring_Qntty": "number ",
        "Item_MRP": 40,
        "Offer_Price": 38,
        "Offer_percentage": 0.03,
        "Item_Catogory": "C2",
        "Item_Tags": "#tooth #colgate #mouthwash",
        "Item_HSB": "N \/A",
        "Instock/outstock_indication": "Yes",
        "Stock_quantity": 50,
        "Item_Discription": "Lorem ipsum dolor sit amet, consectetur adipiscing elit, sed do eiusmod tempor incididunt ut labore et dolore magna aliqua"
    },
    {
        "Item_Code": 1015,
        "Mesuring_Qntty": "number ",
        "Item_MRP": 20,
        "Offer_Price": 19,
        "Offer_percentage": 0.2,
        "Item_Catogory": "C8",
        "Item_Tags": "#vim #dishwash #dishwashliquid",
        "Item_HSB": "N \/A",
        "Instock/outstock_indication": "Yes",
        "Stock_quantity": 50,
        "Item_Discription": "Lorem ipsum dolor sit amet, consectetur adipiscing elit, sed do eiusmod tempor incididunt ut labore et dolore magna aliqua"
    },
    {
        "Item_Code": 1016,
        "Item_Name": "Vim liquid 100 ml",
        "Mesuring_Qntty": "number ",
        "Item_MRP": 20,
        "Offer_Price": 17,
        "Offer_percentage": 0.04,
        "Item_Catogory": "C6",
        "Item_Tags": "#prill #dishwash #dishwashliquid",
        "Item_HSB": "N \/A",
        "Instock/outstock_indication": "Yes",
        "Stock_quantity": 50,
        "Item_Discription": "Lorem ipsum dolor sit amet, consectetur adipiscing elit, sed do eiusmod tempor incididunt ut labore et dolore magna aliqua"
    },
    {
        "Item_Code": 1017,
        "Item_Name": "vim liquid sachet",
        "Mesuring_Qntty": "number ",
        "Item_MRP": 10,
        "Offer_Price": 8,
        "Offer_percentage": 0.05,
        "Item_Catogory": "C6",
        "Item_Tags": "#vim #dishwash #dishwashliquid",
        "Item_HSB": "N \/A",
        "Instock/outstock_indication": "Yes",
        "Stock_quantity": 50,
        "Item_Discription": "Lorem ipsum dolor sit amet, consectetur adipiscing elit, sed do eiusmod tempor incididunt ut labore et dolore magna aliqua"
    },
    {
        "Item_Code": 1018,
        "Item_Name": "coconut",
        "Mesuring_Qntty": "Kg",
        "Item_MRP": 45,
        "Offer_Price": 40,
        "Offer_percentage": 0.1,
        "Item_Catogory": "C9",
        "Item_Tags": "#coconut #vegitalble",
        "Item_HSB": "N \/A",
        "Instock/outstock_indication": "Yes",
        "Stock_quantity": 50,
        "Item_Discription": "Lorem ipsum dolor sit amet, consectetur adipiscing elit, sed do eiusmod tempor incididunt ut labore et dolore magna aliqua"
    },
    {
        "Item_Code": 1019,
        "Item_Name": "Green chilli 100g",
        "Mesuring_Qntty": "number ",
        "Item_MRP": 10,
        "Offer_Price": 9,
        "Offer_percentage": 0.05,
        "Item_Catogory": "C9",
        "Item_Tags": "#grennchilli #chilli #vegitable",
        "Item_HSB": "N \/A",
        "Instock/outstock_indication": "Yes",
        "Stock_quantity": 50,
        "Item_Discription": "Lorem ipsum dolor sit amet, consectetur adipiscing elit, sed do eiusmod tempor incididunt ut labore et dolore magna aliqua"
    }
]