[
    {
        "Order_ID": "1001",
        "Cx_Name": "Testing Cust",
        "Order_Date": "01-01-2023",
        "Order_Status": "completed",
        "Payment_mode": "Cash",
        "Cx_Phone_number": "7894562130"
    },
    {
        "Order_ID": "1002",
        "Cx_Name": "Testing Cust",
        "Order_Date": "02-01-2023",
        "Order_Status": "completed",
        "Payment_mode": "Cash",
        "Cx_Phone_number": "7894562130"
    },
    {
        "Order_ID": "1003",
        "Cx_Name": "Testing Cust",
        "Order_Date": "03-01-2023",
        "Order_Status": "completed",
        "Payment_mode": "Cash",
        "Cx_Phone_number": "7894562130"
    },
    {
        "Order_ID": "1004",
        "Cx_Name": "Testing Cust",
        "Order_Date": "04-01-2023",
        "Order_Status": "completed",
        "Payment_mode": "Cash",
        "Cx_Phone_number": "7894562130"
    },
    {
        "Order_ID": "1005",
        "Cx_Name": "Testing Cust",
        "Order_Date": "05-01-2023",
        "Order_Status": "completed",
        "Payment_mode": "Cash",
        "Cx_Phone_number": "7894562130"
    }
]